product,status,brand,categories,price,desc,,
15300115,new,sandisk,410 5 8,24990,10.0 100.0 128 Гб Class 10 microSDXC,,
15300116,new,silicon power,410 5 8,19990,128 Гб 15.0 75.0 Class 10 microSD,,
15300118,new,sony,410 5 8,4990,16 Гб 90.0 90.0 Class 10 microSD,,
15300119,new,sony,410 5 8,9490,32 Гб 90.0 90.0 Class 10 microSD,,
15300120,new,sony,410 5 8,17990,64 Гб 90.0 90.0 Class 10 microSD,,
15300122,new,kingston,410 5 8,3494,16 Гб 45.0 90.0 Class 10 microSDHC,,
15300123,new,kingston,410 5 8,7122,32 Гб 45.0 90.0 Class 10 microSD адаптер на SD,,
15300124,new,kingston,410 5 8,14051,45.0 64 Гб 90.0 Class 10 microSDHC адаптер на SD,,
15300125,new,kingston,410 5 8,35972,128 Гб 45.0 90.0 microSDXC адаптер на SD,,
15300126,new,kingston,410 5 8,33575,100.0 128 Гб 80.0 microSDXC адаптер на SD,,
15300127,new,kingston,410 5 8,33932,128 Гб 80.0 90.0 microSDXC,,
15300128,new,kingston,410 5 8,18920,128 Гб 48.0 48.0 Class 10 Secure Digital XC,,
15300129,new,transcend,410 5 8,11200,16 Гб 160.0 70.0 Compact Flash,,
15300130,new,transcend,410 5 8,11200,16 Гб 30.0 60.0 Compact Flash,,
15300131,new,transcend,410 5 8,20300,120.0 160.0 32 Гб Compact Flash,,
15300132,new,transcend,410 5 8,19100,60.0 64 Гб 90.0 Compact Flash,,
15300133,new,kingston,410 5 8,2289,10.0 16 Гб 80.0 Class 10 microSDHC,,
15300134,new,kingston,410 5 8,2876,10.0 16 Гб 45.0 Class 10 microSDHC,,
15300135,new,kingston,410 5 8,2286,10.0 16 Гб 80.0 Class 10 miniSDHC адаптер на SD,,
15300136,new,kingston,410 5 8,3320,16 Гб 45.0 90.0 Class 10 microSDHC адаптер на SD,,
15300137,new,kingston,410 5 8,2189,10.0 16 Гб 45.0 Class 10 microSDHC адаптер на SD,,
15300138,new,sandisk,410 5 8,13900,16 Гб 30.0 80.0 Class 10 microSDHC адаптер на SD,,
15300139,new,sandisk,410 5 8,4090,10.0 16 Гб 98.0 Class 10 microSDHC адаптер на SD,,
15300140,new,sandisk,410 5 8,2290,0.0 16 Гб 80.0 Class 10 microSDHC адаптер на SD,,
15300141,new,transcend,410 5 8,0,16 Гб 20.0 21.0 Class 10 microSDHC адаптер на SD,,
15300142,new,transcend,410 5 8,4989,16 Гб 45.0 90.0 Class 10 microSDHC адаптер на SD,,
15300143,new,transcend,410 5 8,2589,16 Гб 45.0 95.0 Class 10 microSDHC,,
15300144,new,transcend,410 5 8,5189,16 Гб 60.0 95.0 Class 10 microSDHC адаптер на SD,,
15300145,new,apacer,410 5 8,3789,10.0 10.0 32 Гб Class 10 microSDHC адаптер на SD,,
15300146,new,kingston,410 5 8,4252,10.0 32 Гб 45.0 Class 10 microSDHC,,
15100038,new,ostamebel,364 239 241,188500,160х200 см 175.8х110х207 см 179.6х62.4х233 см 54х44х51 см 83х105х2 см 89.5х47.3х109 см Беларусь ЛДСП Щара коричневый кровать,,
15100039,old,ostamebel,364 239 241,0,160х200 см 175.8х110х207 см 223.6х62.4х236 см 54х44х51 см 83х105х2 см 89.5х47.3х109 см Беларусь ЛДСП Щара коричневый кровать,,
15100040,old,svit mebliv,364 239 241,0,100х40х70 см 160х200 см 170х59х203см 170х60х199 см 40х40х42 см 80х40х127 см ДСП Украина кровать светло-коричневый,,
15100041,new,svit mebliv,364 239 241,190800,133.4х81х40.4 см 160х200 см 164.2х87.5х204.2 см 229х205.7х54.4 см 45.4х42.7х40.4 90х80х2 см ЛДСП Украина серый шкаф,,
15100042,new,анрэкс,364 239 241,314940,136х36х87 см 136х60х217 см 160х200 см 165х81х205.9 см 56х36х45см 96х66х3.8 см Беларусь ЛДСП кровать светло-коричневый,,
15100043,new,анрэкс,364 239 241,231960,(книжная полка) 130х23.7х39.8 см 120х200 см 131х93.6х208 см 49х97х48 см 99х62х212 см Беларусь ЛДСП белый кровать,,
15100044,old,шатура,364 239 241,0,160х200 см 165.4x87.2х214.8 см 179x61.7x237 см 46.4x44.6x45.1 88.2x70х2 см 888х464x835 см ЛДСП Россия бежевый комод,,
15100045,new,sv,364 239 241,233790,160х200 см 160х54х220 см 163х92х203 см 45х42х45см 60х40х110 см 95х47х157 см ЛДСП Россия бежевый кровать,,
15100046,new,анрэкс,364 239 241,484860,104.6х71.5х6.7 см 170х200 см 171х93.6х208 см 209х62х212 см 49х37х48 см 90х37х94 см Беларусь ЛДСП Тиффани белый кровать,,
15100047,new,анрэкс,364 239 241,416870,170х200 см 171х93.6х208 см 209х62х212 см 49х37х48 см Беларусь ЛДСП Тиффани белый кровать,,
15100048,new,анрэкс,364 239 241,669940,109х96х1.9 см 160х200 см 165.6х96х206 см 218.5х59х209 см 50х42х40.5 см 96х42х86 см Беларусь МДФ белый кровать,,
15100049,new,анрэкс,364 239 241,256930,160х200 см 165х81х205.3 см 45х35х48.4 см 60х35х217.3 см, 77.8х77.8х217.3 см, 35х35х217.3 см 90х38х137.5 см Беларусь ЛДСП кровать светло коричневый
15100050,new,кураж,364 239 241,499900, 184.3×207×106.5 см 100х45.4х80 см 105.2х49.3х880.5 см 180х200 см 193.3х59.3х223.8 см 55.2х39.3х43.9 см 93.4х68.6х1.8 см ЛДСП Россия кровать светло-коричневый,,
15100051,new,анрэкс,364 239 241,349570,136х60х217 см 160х200 см 165х81х206 см 56х36.3х45 см 96х36.3х87 см 96х66х3.8 см Беларусь ЛДСП Оливия бежевый кровать,,
15100052,old,svit mebliv,364 239 241,0,102.5х32х19 см 127х47.5х96 см 160х200 см 169х110х213 см 187.5х64х224 см 64.5х37.5х54.5 см 86х96х6 см ЛДСП Украина бежевый кровать,,
15100053,new,слониммебель,364 239 241,494000,115.6х50.3х87.2 см 180х200 см 203.4х132х211.6 см 217х66.8х233.6 см 61.2х49.2х58.4 см 94х107 см Беларусь ЛДСП коричневый кровать,,
15100054,old,svit mebliv,364 239 241,0,160х200 см 170х59х199 см 170х59х203 см 42.5х52х40.5 см 730х43х70.5 см 93х41х141.5 см ЛДСП Украина коричневый шкаф,,
15100055,old,ostamebel,364 239 241,0,110х47х85 см 180х200 см 202х132х205 см 227х62х230 см 54х41х50 см 73х89х22 см Беларусь ЛДСП коричневый кровать,,
15100056,old,svit mebliv,364 239 241,0,130х39х125 см 151х46х92.5 см 160х200 см 160х67х206 см 188х57х244 см 40х40.5х51 см ЛДСП Украина кровать светло-коричневый,,
15100057,new,svit mebliv,364 239 241,433600,100х80х11 см 111х48.5х87 см 160х200 см 168х118х206.5 см 280х61.5х233 см 61.5х40х57.5 см ЛДСП Украина белый кровать,,
15100058,new,форест деко,364 239 241,267000,104х47х87 см 160х200 см 179х117х233 см 179х59233 см 53х43х50 см 84х95х2 см Беларусь Валерия ДСП белый кровать,,
15100059,new,форест деко,364 239 241,285000,104х47х87 см 160х200 см 179х117х233 см 233.5х59233 см 53х43х50 см 84х95х2 см Беларусь Валерия ДСП белый шкаф,,
15100060,new,форест деко,364 239 241,257000,110х49х97.6 см 160х200 см 182х123х206 см 223.8х59.5х234.6 см 55.7х44.6х43.6 см 93.6х97.6х1.7 см Беларусь ЛДСП коричневый кровать,,
15100061,new,форест деко,364 239 241,257000,110х49х97.6 см 160х200 см 182х123х206 см 223.8х59.5х234.6 см 55.7х44.6х43.6 см 93.6х97.6х1.7 см Беларусь ЛДСП белый шкаф,,
15100062,old,форест деко,364 239 241,0,107х46.3х85.1 см 180х200 см 199.8х119.5х204.1 см 238.1х59.8х233.3 см 46х43.6х46.7 см 84.1х95.8 см Беларусь Валерия ЛДСП белый кровать,,
15100063,new,форест деко,364 239 241,279000,102х46.7х87.7 см 160х200 см 180.4х59х229.4 см 196х121х209 см 52х43х50/4 см 86.2х93.2х3.6 см Беларусь ДСП белый кровать,,
15100064,new,форест деко,364 239 241,309000,104х47х87.7 см 160х200 см 187.2х120.6х205.3 см 223.4х59.2х236 см 52х43х50.4 см 94.3х97.6х3.6 см Беларусь ЛДСП белый кровать,,
15100065,new,форест деко,364 239 241,279000,102х46.7х87.7 см 160х200 см 180.4х59х229.4 см 196х121х209 см 52х43х50/4 см 86.2х93.2х3.6 см Беларусь ДСП коричневый кровать,,
15100066,new,форест деко,364 239 241,296000,102х46.7х87.7 см 180х200 см 212х121х209 см 224.4х59х229.4 см 52х43х50/4 см 86.2х93.2х3.6 см Беларусь ДСП коричневый кровать,,
15100067,new,форест деко,364 239 241,342000,102х46.7х87.7 см 180х200 см 212х121х209 см 238.4х59х229.4 см 52х43х50/4 см 86.2х93.2х3.6 см Беларусь ДСП белый кровать,,
11500372,new,icutes,150 12 130,7890,,,
11500253,old,sony,150 12 130,0,10 Вт 20 - 20000 Гц 220.0 46.0 61x61x61 мм встроенный микрофон красный линейный моно однополосные от USB-порта от батарей от USB поддержка NFC,,
11500254,new,edifier,150 12 130,9019,100 - 20000 Гц 200.0 200x60x33 мм 2x1.20 Вт 400.0 5.0 90 дБ дисплей линейный магнитное экранирование однополосные от USB-порта от батарей от USB пластик стерео черный,,
11500255,new,trust,150 12 130,4670,100 - 20000 Гц 3 Вт 40.0 8.0 Bluetooth встроенный микрофон линейный однополосные от батареек от батареек пластик стерео черный,,
11500256,new,philips,150 12 130,14990,107x97x32 мм 210.0 38.0 4 Вт 8.0 Bluetooth встроенный микрофон линейный моно однополосные от USB-порта от батарей от USB черный,,
11500249,new,microlab,150 12 130,14909,179x87x102 мм 2x3.50 Вт 370.0 38.0 60 дБ 80 - 18000 Гц mini jack встроенный микрофон золотистый линейный однополосные от USB-порта от батарей от USB поддержка NFC стерео,,
11500250,new,philips,150 12 130,7990,180.0 2 Вт 63x82x63 мм 8.0 Bluetooth встроенный микрофон линейный моно однополосные от USB-порта от батарей от USB черный,,
11500257,old,philips,150 12 130,0,2x6 Вт 38.0 490.0 71x188x70 мм 8.0 mini jack влагозащищенный корпус однополосные от USB-порта от батарей от USB поддержка NFC стерео черный,,
11500258,new,crown,150 12 130,3249,100 - 20000 Гц 3 Вт 6.0 60.0 75 дБ 85x45x85 мм Bluetooth влагозащищенный корпус моно однополосные от USB-порта от батарей от USB присоска для крепления на гладкой поверхности черный,,
11500259,new,genius,150 12 130,2100,2 32.0 8.0 80 - 23000 Гц 80 дБ линейный моно однополосные от USB-порта от батареек от USB пластик черный,,
11500260,new,sony,150 12 130,89990,1200.0 650x326x340 мм USB красный линейный однополосные от сети от сети пуль ДУ стерео,,
11500261,old,divoom,150 12 130,0,165x70x52 мм 2x4 Вт 51.0 540.0 6.0 75 дБ 80 - 20000 Гц USB Type A влагозащищенный корпус линейный однополосные от батареек от батарей стерео черный,,
11500262,new,remax,150 12 130,24900,198x65x85 мм Bluetooth встроенный микрофон линейный однополосные от батареек от батарей пластик серый стерео,,
11500263,old,divoom,150 12 130,0,12.0 185x78x60 мм 2 пассивных излучателя 2x7.50 Вт 51.0 75 дБ 900.0 Bluetooth влагозащищенный корпус красный линейный однополосные от USB-порта от батарей от USB стерео,,
11500264,new,microlab,150 12 130,6890,120 - 18000 Гц 155x60x54 мм 2x2 Вт 38.0 70 дБ Bluetooth линейный на наушники однополосные от USB-порта от батарей от USB пластик стерео черный,,
11500267,new,sony,150 12 130,16930,16.0 260.0 46.0 75x91x75 мм влагозащищенный корпус желтый линейный моно однополосные от батареек от батарей поддержка NFC,,
11500268,old,bose,150 12 130,0,0.67 10.0 180x51x58 мм Bluetooth mini jack встроенный микрофон от батареек от сети от батареtr подставка для зарядки устройства серебристый стерео трехполосные,,
11500269,old,monster,150 12 130,0,2.1 37.0 линейный однополосные от сети от сети пластик поддержка iPod и iPhone до версии 4S пуль ДУ синий,,
11500270,new,xiaomi,150 12 130,11990,16.8 х 5.8 х 2.4 см 6 8.0 85 - 20000 Гц USB Type A линейный однополосные от USB-порта от USB-порта от встроенного аккумулятора пластик стерео черный,,
11500271,new,xiaomi,150 12 130,11945,155x62x25 мм 5 Вт белый металл однополосные от аккумулятора от аккумулятора от USB пассивный сабвуфер поддержка NFC стерео,,
11500272,old,xiaomi,150 12 130,0,1.62 282x90x95 мм 30 Вт Wi-Fi mini jack белый двухполосные от сети от сети пластик поддержка DLNA стерео,,
11500273,new,jbl,150 12 130,36770,2x8 Вт 40.0 510.0 68x175x70 мм 70 - 20000 Гц 80 дБ Bluetooth mini jack влагозащищенный корпус однополосные от аккумулятора от аккумулятора стерео,,
11500274,new,jbl,150 12 130,55688,2 пассивных излучателя 20.0 213x89x87 мм 2x10 Вт 50.0 65 - 20000 Гц USB mini jack влагозащищенный корпус красный однополосные от аккумулятора от аккумулятора пластик стерео,,
11500275,new,jbl,150 12 130,56442,2 пассивных излучателя 20.0 213x89x87 мм 2x10 Вт 50.0 65 - 20000 Гц USB mini jack влагозащищенный корпус однополосные от аккумулятора от аккумулятора пластик серый стерео,,
11500276,new,jbl,150 12 130,18282,0.18 120 - 20000 Гц 184.0 3 Вт 40.0 8.0 80 дБ 94x141x42 мм Bluetooth mini jack влагозащищенный корпус моно однополосные от аккумулятора от батареек пластик синий,,
11500277,new,jbl,150 12 130,37639,2x8 Вт 40.0 510.0 68x175x70 мм 70 - 20000 Гц 80 дБ Bluetooth mini jack влагозащищенный корпус однополосные от аккумулятора от аккумулятора синий стерео,,
11500278,new,jbl,150 12 130,37800,2x8 Вт 40.0 510.0 68x175x70 мм 70 - 20000 Гц 80 дБ Bluetooth mini jack встроенный микрофон красный однополосные от аккумулятора от аккумулятора стерео,,
11500279,new,hp,150 12 130,8954,170x70x44 мм 300.0 USB влагозащищенный корпус линейный однополосные от USB-порта от аккумулятора от USB-порта стерео,,
11500280,new,jbl,150 12 130,18700,120-20000 Гц 184.0 3 Вт 40.0 8.0 80 дБ 94x141x42 мм Bluetooth mini jack влагозащищенный корпус моно однополосные от аккумулятора пластик синий,,
11500281,old,jbl,150 12 130,0,10.0 169x64x64 мм 2 пассивных излучателя 2x8 Вт 40.0 450.0 80 дБ 85-20000 Гц Bluetooth влагозащищенный корпус линейный однополосные оранжевый от USB-порта стерео,,
12700710,new,matador,197 79,31700,,,
12702012,new,cordiant,197 79,10000,,,
12700481,new,bridgestone,197 79,34483,,,
12700116,new,nokian,197 79,26660,,,
12700018,new,continental,197 79,37400,,,
12702210,new,michelin,197 79,81290,,,
12701866,old,dunlop,197 79,0,,,
12700087,new,nokian,197 79,20080,,,
12702010,new,cordiant,197 79,9500,,,
12701927,new,sailun,197 79,15300,,,
12702235,old,marshal,197 79,0,,,
12702057,new,bfgoodrich,197 79,63560,,,
12702184,new,нижнекамскшина,197 79,10100,,,
12702293,new,gislaved,197 79,31500,,,
12702007,new,michelin,197 79,62479,,,
12701907,new,nokian,197 79,38290,,,
12701979,new,sava,197 79,15294,,,
12701220,new,sava,197 79,30400,,,
12702209,new,marshal,197 79,25000,,,
12701921,new,sailun,197 79,13700,,,
12701723,new,gislaved,197 79,45700,,,
12700525,new,continental,197 79,54700,,,
12702087,new,bridgestone,197 79,39800,,,
12700873,new,nokian,197 79,52870,,,
12700231,new,нижнекамскшина,197 79,19350,,,
12702204,old,bridgestone,197 79,0,,,
12701887,new,hankook,197 79,23850,,,
12700169,new,sava,197 79,23250,,,
12700106,new,nokian,197 79,30590,,,
12702050,new,matador,197 79,33100,,,
12900139,new,samsung,226 5 8,10460,1 1500.0 ML-2240 ML-1640 для лазерного принтера черный,,
12900140,new,samsung,226 5 8,7320,1 2000.0 SCX-4300 для лазерного принтера черный,,
12900141,new,samsung,226 5 8,11890,1 2000.0 SCX-4500W SCX-4500 для лазерного принтера черный,,
12900142,new,samsung,226 5 8,14770,1 1000.0 Xpress M207x Series Xpress M202x Series для лазерного принтера черный,,
12900143,new,samsung,226 5 8,4245,1 2000.0 ML-1610ML-1615ML-1620ML-1625 для лазерного принтера черный,,
12900144,new,samsung,226 5 8,8090,1 3000.0 ML-2010 ML-2015 ML-2020 ML-2570 ML-2571 ML-2510 для лазерного принтера черный,,
12900145,new,xerox,226 5 8,10890,1 3000.0 Xerox Phaser 3117 Xerox Phaser 3122 Xerox Phaser 3124 Xerox Phaser 3125 для лазерного принтера черный,,
12900146,new,xerox,226 5 8,25890,1 8000.0 Xerox Phaser 3300MFP для лазерного принтера черный,,
12900147,new,xerox,226 5 8,15890,1 4100.0 Xerox WorkCentre 3210 Xerox WorkCentre 3220 для лазерного принтера черный,,
12900148,new,europrint,226 5 8,2149,1 2100.0 Canon i-SENSYS MF4410/4420/4430/4450/4550/4570/4580 для лазерного принтера черный,,
12900149,new,hp,226 5 8,30631,1 1800.0 HP LaserJet Pro 200 color M251 HP LaserJet Pro 200 color MFP M276 голубой (cyan) для лазерного принтера,,
12900150,new,hp,226 5 8,151289,1 15000.0 HP LaserJet Enterprise CP5525 для лазерного принтера желтый (yellow),,
12900151,new,hp,226 5 8,151289,1 15000.0 HP LaserJet Enterprise CP5525 для лазерного принтера пурпурный (magenta),,
12900152,new,hp,226 5 8,115170,1 30000.0 HP LaserJet 9000 HP LaserJet 9000 mfp HP LaserJet 9000L mfp HP LaserJet 9040 HP LaserJet 9040mfp HP LaserJet M9040mfp HP LaserJet 9050 HP LaserJet 9050mfp HP LaserJet M9050mfp для лазерного принтера черный,,
12900153,new,hp,226 5 8,151192,1 15000.0 HP LaserJet Enterprise CP5525 голубой (cyan) для лазерного принтера,,
12900154,new,phoenix,226 5 8,2445,1 2000.0 HP LaserJet 1010/1012/1015/1020 для лазерного принтера черный,,
12900155,new,katun,226 5 8,14883,,HP Color LaserJet Pro 300 M351 M375 Pro 400 M451 M475 1 2600.0 для лазерного принтера пурпурный (magenta),
12900156,new,katun,226 5 8,14883,1 2600.0 HP Color LaserJet Pro 300 M351 M375 Pro 400 M451 M475 для лазерного принтера желтый (yellow),,
12900157,new,katun,226 5 8,14883,1 2600.0 HP Color LaserJet Pro 300 M351 M375 Pro 400 M451 M475 голубой (cyan) для лазерного принтера,,
12900158,new,katun,226 5 8,37692,1 4000.0 HP Color LaserJet Pro 300 M351 M375 Pro 400 M451 M475 для лазерного принтера черный,,
12900159,new,hp,226 5 8,9890,1 5000.0 HP Color LaserJet 1500 2500 для лазерного принтера черный,,
12900160,new,hp,226 5 8,2990,1 2100.0 HP LaserJet P1560 P1566 P1606 P1600 для лазерного принтера черный,,
12900161,new,epson,226 5 8,18729,4 520.0 Epson XP600/605 для струйного принтера многоцветный,,
12900162,new,epson,226 5 8,3449,1 150.0 Epson XP-103 XP-207 для струйного принтера желтый (yellow),,
12900163,new,epson,226 5 8,3407,1 150.0 Epson XP-103 XP-207 голубой (cyan) для струйного принтера,,
12900164,new,epson,226 5 8,3449,1 150.0 Epson XP-103 XP-207 для струйного принтера пурпурный (magenta),,
12900165,new,hp,226 5 8,9890,1 4000.0 HP Color LaserJet 1500 2500 для лазерного принтера желтый (yellow),,
12900167,new,hp,226 5 8,9890,1 5000.0 HP Color LaserJet 1500 2500 для лазерного принтера пурпурный (magenta),,
12900168,new,premier,226 5 8,6890,,HP LaserJet 600 M601 M602 M603 M4555 1 10000.0 для лазерного принтера черный,
12900169,new,xerox,226 5 8,10890,1 3000.0 Xerox WorkCentre PE114e для лазерного принтера черный,,
12000144,new,caramelia,155 239 128,8990,,,
12000145,new,баюшка,155 239 128,7700,,,
12000179,new,plitex,155 239 128,4100,20.0 34.0 78.0 бязь высокая высокая детский кокосовая койра,,
12000180,new,plitex,155 239 128,12800,10.0 119.0 60.0 беспружинный бязь детский комбинированный,,
12000181,new,pali,155 239 128,18000,124.0 64.0 8.0 антибактериальная беспружинный детский жаккард пенополиуретан,,
12000182,new,simam,155 239 128,16830,12.0 125.0 65.0 войлок детский жаккард с независимыми пружинами,,
12000183,new,bambola,155 239 128,12357,119.0 12.0 59.0 детский жаккард с зависимыми пружинами холлофайбер,,
12000184,old,наша мама,155 239 128,0,120.0 60.0 беспружинный детский латекс ортопедический хлопок,,
12000185,new,мишутка,155 239 128,5391,120.0 60.0 бязь детский ортофайбер с зависимыми пружинами средняя средняя,,
12000186,new,фабрика облаков,155 239 128,24651,20.0 43.0 70.0 беспружинный детский до 6 месяцев пенополиуретан хлопок,,
12000187,new,мишутка,155 239 128,7650,119.0 12.0 60.0 беспружинный бикокос бязь детский,,
12000188,new,мишутка,155 239 128,6282,10.0 119.0 60.0 беспружинный бикокос бязь детский средняя средняя,,
12000189,new,мишутка,155 239 128,5643,119.0 60.0 7.0 беспружинный бикокос бязь детский,,
12000190,old,babyline,155 239 128,0,120.0 14.0 60 кг 60.0 бамбук детский низкая низкая ортопедический пенополиуретан с независимыми пружинами,,
12000191,old,babyline,155 239 128,0,120.0 14.0 60 60.0 детский жаккард низкая ортопедический пенополиуретан с независимыми пружинами,,
12000192,old,babyline,155 239 128,0,120.0 140 17.0 60.0 выше средней детский жаккард латекс ниже средней ортопедический с независимыми пружинами,,
12000193,new,наша мама,155 239 128,25542,119.0 12.0 60.0 антистрессовая беспружинный детский комбинированный ортопедический хлопок,,
12000194,new,наша мама,155 239 128,27360,119.0 12.0 60.0 антистрессовая беспружинный детский комбинированный ортопедический хлопок,,
12000195,new,наша мама,155 239 128,9711,119.0 60.0 8.0 беспружинный бязь детский комбинированный ортопедический,,
12000196,new,наша мама,155 239 128,8820,119.0 60.0 7.0 беспружинный бязь детский кокосовая койра ортопедический,,
12000197,new,наша мама,155 239 128,11655,119.0 6.0 60.0 беспружинный бязь детский латекс ортопедический,,
12000198,new,зевушка,155 239 128,24800,20.0 43.0 70.0 детский пенополиуретан хлопок,,
12000199,new,крошкин дом,155 239 128,14690,119.0 12.0 59.0 беспружинный детский термополотно хлопок,,
12000200,new,крошкин дом,155 239 128,3845,119.0 59.0 6.0 беспружинный детский ортофайбер ситец,,
12000201,new,амф,155 239 128,16000,160.0 18.0 70.0 антибактериальная детский жаккард пенополиуретан с независимыми пружинами средняя,,
12000202,new,абсолют спорт,155 239 128,20500,110 кг 12.0 160.0 70.0 беспружинный детский жаккард пенополиуретан,,
12000203,new,caramelia,155 239 128,7990,125.0 5.0 75.0 беспружинный бязь выше средней детский средняя холкон,,
12000204,new,caramelia,155 239 128,5490,5.0 75.0 75.0 беспружинный бязь детский средняя холкон,,
12000205,new,мишутка,155 239 128,7128,120.0 60.0 беспружинный бикокос бязь детский средняя средняя,,
12000206,new,фея,155 239 128,4990,119.0 60.0 8.0 беспружинный бязь детский ниже средней ниже средней холлофайбер,,
13700001,old,erlit,257 240 244,0,900x2150x900 мм акрил высокий закрытый классический полки раздвижные стекло угловая,,
13700004,new,erlit,257 240 244,152040,1200x2200x850 мм акрил закрытый классический нестандартная низкий полки полностенное раздвижные стекло тропический душ,,
13700005,new,erlit,257 240 244,114128,900x2150x900 мм акрил закрытый классический низкий полки раздвижные стекло угловая,,
13700007,new,domani-spa,257 240 244,114900,900x2180x900 мм акрил высокий дистанционное закрытый классический полки полностенное раздвижные стекло тропический душ угловая,,
13700009,new,erlit,257 240 244,194500,1000x2150x1000 мм акрил вентиляция высокий закрытый классический нестандартная полки полностенное радио раздвижные стекло электронная,,
13700011,new,am.pm,257 240 244,344690,ABS-пластик классический низкий открытый полки полностенное раздвижные стекло угловая,,
13700017,new,erlit,257 240 244,170917,1200x2150x800 мм акрил закрытый зеркало классический нестандартная низкий полностенное раздвижные стекло,,
13700020,new,erlit,257 240 244,57600,(ШxВxГ) 800x1950x420 мм акрил высокий открытый раздвижные стекло угловая,,
13700021,new,erlit,257 240 244,53200,80х80х195 см акрил высокий открытый раздвижные сифон для слива воды стекло угловая,,
13700022,new,erlit,257 240 244,61100,90х90х194 см акрил высокий открытый раздвижные стекло угловая,,
13700023,new,erlit,257 240 244,65300,1000x1950x1000 мм акрил низкий открытый раздвижные стекло угловая,,
13700024,new,erlit,257 240 244,141700,900x2150x900 мм акрил закрытый классический низкий полки раздвижные стекло тропический душ угловая электронная,,
13700025,new,erlit,257 240 244,164425,1000x2150x1000 мм акрил гидромассаж спины закрытый классический нестандартная низкий полки полностенное раздвижные стекло электронная,,
13700026,new,crystal,257 240 244,108000,90x90x220 см акрил закрытый низкий раздвижные угловая,,
13700028,new,erlit,257 240 244,108100,80х80х215 см акрил высокий закрытый раздвижные сифон для слива воды стекло угловая,,
13700029,new,erlit,257 240 244,109000,80х80х215 см акрил закрытый низкий полки раздвижные стекло тропический душ угловая,,
13700030,new,erlit,257 240 244,114014,90x90x215 мм акрил закрытый низкий полки раздвижные стекло угловая,,
13700031,new,am.pm,257 240 244,231325,900x2250x900 мм ABS-пластик вентиляция низкий открытый полностенное раздвижные стекло угловая,,
13700032,new,am.pm,257 240 244,140999,акрил высокий открытый раздвижные стекло угловая,,
13700033,new,erlit,257 240 244,112924,800x1950x800 мм акрил закрытый классический низкий полки раздвижные стекло угловая,,
13700034,new,am.pm,257 240 244,135999,акрил низкий открытый раздвижные стекло угловая,,
13700035,new,erlit,257 240 244,135955,80х80х195 см акрил закрытый низкий полки полностенное раздвижные стекло угловая,,
13700036,new,erlit,257 240 244,125875,1200x2150x800 мм акрил закрытый зеркало классический нестандартная низкий полностенное раздвижные стекло,,
13700037,new,erlit,257 240 244,125875,1200x2150x800 мм акрил закрытый зеркало классический нестандартная низкий полностенное раздвижные стекло,,
13700038,new,triton,257 240 244,66490,90x209x90 см акрил высокий двухстенное защита от перегрева открытый полукруглая раздвижные стекло,,
13700039,new,erlit,257 240 244,64740,1000x1000x1950 мм акрил закрытый низкий полукруглая раздвижные стекло,,
13700040,new,erlit,257 240 244,67227,1000x1000x1950 мм акрил закрытый низкий полукруглая раздвижные,,
13700041,new,erlit,257 240 244,108940,800x800x2150 мм акрил закрытый низкий полукруглая раздвижные стекло,,
13700042,new,erlit,257 240 244,129350,1000x1000x2150 мм акрил высокий закрытый полукруглая раздвижные стекло,,
13700043,old,erlit,257 240 244,0,1000x1000x2150 мм акрил высокий закрытый полукруглая раздвижные стекло,,
12400036,new,bosch,162 240 163,353094,,,
12400044,new,dewalt,162 240 163,46075,,,
12400033,new,bosch,162 240 163,215500,,,
12400042,new,dewalt,162 240 163,174595,,,
12400046,new,dewalt,162 240 163,63050,,,
12400043,new,dewalt,162 240 163,189150,,,
12400028,old,bosch,162 240 163,0,,,
12400025,new,dewalt,162 240 163,262150,,,
12400045,new,dewalt,162 240 163,58195,,,
12400037,new,bosch,162 240 163,79900,,,
12400026,new,dewalt,162 240 163,284085,,,
12400038,new,dewalt,162 240 163,350971,,,
12400034,new,bosch,162 240 163,274000,,,
12400040,new,dewalt,162 240 163,213400,,,
12400023,new,bosch,162 240 163,45850,,,
12400029,new,bosch,162 240 163,67823,,,
12400039,new,dewalt,162 240 163,227400,,,
12400047,new,dewalt,162 240 163,67895,,,
12400031,new,bosch,162 240 163,143915,,,
12400035,new,bosch,162 240 163,208650,,,
12400027,new,bosch,162 240 163,390229,,,
12400030,new,bosch,162 240 163,84900,,,
12400041,new,dewalt,162 240 163,158110,,,
12400032,new,bosch,162 240 163,104900,,,
12400024,new,dewalt,162 240 163,63050,,,
12400000,old,dwt,162 240 163,0,1 26.0 4.0 4.6 40.0 4000.0 435x265x355 мм 800.0 950.0 SDS-Plus долбление дополнительная рукоятка ограничитель глубины сверления от сети фиксация шпинделя,,
12400001,old,bort,162 240 163,0,1 2.5 26.0 4.9 5000.0 800.0 90.0 930.0 SDS-Plus долбление ограничитель глубины сверления от сети электронная регулировка частоты вращения,,
12400002,new,bosh,162 240 163,35874,1 1.7 2.2 20.0 2300.0 30.0 550.0 5800.0 SDS-Plus блокировка кнопки включения долбление от сети сверление фиксация шпинделя электронная регулировка частоты вращения,,
12400003,old,hammer,162 240 163,0,1 1.3 1650.0 450.0 SDS-Plus долбление ограничитель глубины сверления от сети электронная регулировка частоты вращения,,
12400004,old,hammer,162 240 163,0,1 1000.0 2.2 24.0 3.0 3.3 4850.0 650.0 SDS-Plus блокировка кнопки включения долбление от сети электронная регулировка частоты вращения,,
8800643,new,vertex,105 2,15971,,,
8800644,new,vertex,105 2,16929,,,
8800645,new,vertex,105 2,15399,,,
8800081,old,bq,105 2,0,0.30 млн пикс. 640x480 115.0 123.2 14.0 2 SIM-карты 2.4 20.0 53.8 53.8x123.2x14 мм 900.0 900.0 Bluetooth USB Bluetooth USB FM-радио GSM 900/1800 GSM 900/1800 Li-ion MP3 есть золотистый моноблок (классический) пластик попеременный режим работы цветной,,
8800082,old,bq,105 2,0,1000.0 11.5 132.8 190.0 2 SIM-карты 2.8 5.0 56.4 56.4x132.8x11.5 мм 90.0 Bluetooth USB FM-радио GSM 900/1800 GSM 900/1800 Li-ion MP3 есть есть светодиодная вспышка моноблок (классический) пластик полифония попеременный режим работы цветной черный,,
8800083,old,bq,105 2,0,0.30 млн пикс. 101.0 12.0 1250.0 132.0 2 SIM-карты 3.2 320x240 59.0 59x132x12 мм Bluetooth USB FM-радио GSM 900/1800/1900 GSM 900/1800/1900 моноблок (классический) нет пластик полифония попеременный режим работы телефон аккумулятор зарядное устройство цветной черный,,
8800084,old,bq,105 2,0,0.30 млн пикс. 101.0 12.0 1250.0 132.0 2 SIM-карты 3.2 320x240 59.0 59x132x12 мм Bluetooth USB FM-радио GSM 900/1800/1900 GSM 900/1800/1900 белый моноблок (классический) нет пластик полифония попеременный режим работы телефон аккумулятор зарядное устройство цветной,,
8800086,new,bravis,105 2,9900,0.30 млн пикс. 11.9 127.0 2 SIM-карты 2.8 56x127.5x11.9 мм 59.0 Bluetooth USB FM-радио GSM 900/1800 GSM 900/1800 MP3 есть моноблок (классический) пластик попеременный режим работы телефон USB кабель зарядное устройство цветной TFT черный,,
8800087,old,bravis,105 2,0,0.30 млн пикс. 11.9 127.0 2 SIM-карты 2.8 56x127.5x11.9 мм 59.0 Bluetooth USB FM-радио GSM 900/1800 GSM 900/1800 MP3 белый есть моноблок (классический) пластик попеременный режим работы телефон USB кабель зарядное устройство цветной TFT,,
8800088,old,nokia,105 2,0,0.30 млн пикс. 1.8 110.0 13.5 13.6 160x128 2 SIM-карты 45.0 47.0 47x110.40x13.50 мм 70.0 744.0 950.0 Bluetooth 3.0 FM-радио GSM 900/1800 GSM 900/1800 Li-ion MP3 моноблок (классический) нет попеременный режим работы телефон гарнитура батарея зарядное устройство цветной TFT 65.54 тыс цветов черный,,
8800090,old,nokia,105 2,0,1100.0 116.0 12.9 2 SIM-карты 2.4 20.0 320x240 50.0 50.0 504.0 50x116x12.9 мм 78.0 Bluetooth 3.0 USB FM-радио GSM 900/1800 GSM 900/1800 MP3 есть есть 0.30 млн пикс. моноблок (классический) обычная пластик попеременный режим работы телефон батарея зарядное устройство цветной 262.14 тыс цветов черный,,
8800091,old,nokia,105 2,0,1100.0 116.0 12.9 2 SIM-карты 2.4 20.0 320x240 50.0 50.0 504.0 50x116x12.9 мм 78.0 Bluetooth 3.0 USB FM-радио GSM 900/1800 GSM 900/1800 MP3 есть есть 0.30 млн пикс. моноблок (классический) обычная пластик попеременный режим работы телефон батарея зарядное устройство цветной 262.14 тыс цветов черный,,
8800093,new,nokia,105 2,17799,10.9 1200.0 124.6 2 SIM-карты 2 млн пикс. светодиодная вспышка (фронтальная и тыльная) 2.8 23.0 320x240 52.0 528.0 53.4 53.4x124.6x10.9 мм 93.0 Bluetooth 3.0 USB FM-радио GSM 900/1800 GSM 900/1800 MP3 есть моноблок (классический) обычная пластик полифония попеременный режим работы телефон аккумулятор зарядное устройство цветной 65.54 тыс цветов черный,,
8800094,old,samsung,105 2,0,100.0 11 4x49.5x117.4 11.4 117.4 1200.0 128.0 2 SIM-карты 2 SIM-карты 2 Мпикс 2.4 320x240 49.5 FM-радио GSM 850/900/1800/1900 GSM 850/900/1800/1900 Li-ion MP3 TFT micro SIM microSD объемом до 16Гб microUSB 2.0 3.5 мм белый моноблок (классический) пластик,,
8800095,old,nokia,105 2,0,1 SIM-карта 101.0 11.0 114.0 1200.0 13.2 2.4 320x240 48.0 48x114x11 мм 5 млн пикс. 2592x1944 светодиодная вспышка цифровой Zoom 3x 624.0 Bluetooth 3.0 USB FM-радио GSM 900/1800/1900 GSM 900/1800/1900 3G MP3 WAP GPRS EDGE HSDPA HSUPA micro SIM micro SIM 1 SIM-карта Записная книжка в аппарате 1000 номеров будильник калькулятор планировщик задач громкая связь (встроенный динамик) есть (3GP MP4) разрешение 320x240 MP4 AVI 3GP 3G2 M4V есть объемом до 32 Гб золотистый моноблок (классический) полифония цветной TFT 262.14 тыс цветов,,
8800097,old,samsung,105 2,0,100.0 11 4x49.5x117.4 11.4 117.4 1200.0 128.0 2 SIM-карты 2 SIM-карты 2 Мпикс 2.4 320x240 49.5 FM-радио GSM 850/900/1800/1900 GSM 850/900/1800/1900 Li-ion MP3 TFT micro SIM microSD объемом до 16Гб microUSB 2.0 3.5 мм моноблок (классический) пластик черный,,
8800098,old,nokia,105 2,0,1100.0 116.4 13.2 15.0 2 SIM-карты 2.4 320х240 50.3 51.0 576.0 83.0 AAC Bluetooth 3.0 USB GSM 900/1800 GSM 900/1800 Li-ion MP3 WAV есть 2Мп есть объемом до 32 Гб моноблок (классический) пластик попеременный режим работы черный,,
8800099,old,senseit,105 2,0,0 3 МП 1 SIM-карта 1 SIM-карта 1.77 120.0 13.0 160x128 173.0 24.5 3600.0 4.0 54.0 54x120x24.5 мм 730.0 Bluetooth GPRS GSM 900/1800/1900 GSM 900/1800/1900 MP3 водозащита ударопрочный корпус есть желтый моноблок (классический) телефон зарядное устройство кабель для зарядки и передачи данных проводная стерео гарнитура адаптер для зарядки внешних устройств руководство пользователя цветной,,
8800344,new,fly,105 2,10675,0.30 млн пикс. 123.5 13.9 15.0 150.0 176x220 2 SIM-карты 2.2 2.5 59.0 59x123.5x13.9 мм 600.0 95.0 GSM 900/1800 GSM 900/1800 USB есть есть объемом до 16 Гб моноблок (классический) нет обычная пластик попеременный серый телефон батарея зарядное устройство наушники цветной,,
8800345,old,nokia,105 2,0,1.4 108.5 12.5 128x128 14.1 2 SIM-карты 45.5 45.5x108.5x14.1 мм 69.6 800.0 842.0 GSM 900/1800 GSM 900/1800 голубой моноблок (классический) нет нет нет обычная обычная 2 SIM-карты пластик полифония телефон зарядное устройство аккумулятор руководство пользователя цветной 65.54 тыс цветов,,
8800346,old,micromax,105 2,0,0.30 млн пикс. 125.8 13.0 15.9 2 SIM-карты 2 SIM-карты попеременный 2.4 2800.0 320x240 500.0 53.8 53.8x125.8x15.9 мм Bluetooth 3.0 USB GSM 900/1800 GSM 900/1800 есть объемом до 8 Гб моноблок (классический) нет пластик попеременный синий цветной TFT 262.14 тыс цветов,,
8800347,new,keneksi,105 2,7290,0.30 млн пикс. 640x480  1000.0 121.8 13.5 176x220  2 SIM-карты 2.0 255.0 55.5 55.5x121.8x13.5 мм  8.0 97.0 Bluetooth 3.0 GSM 900/1800 Li-ion MP3 есть объемом до 16 Гб  зеленый моноблок (классический) нет обычная пластик попеременный режим работы цветной TFT 65.54 тыс цветов,,
8800348,new,fly,105 2,11365,0.0 0.30 млн пикс. 640x480 107.0 11.7 130.5 1400.0 2 SIM-карты 2.8 250.0 320x240 5.0 56.6 56.6x130.5x11.7 мм Bluetooth 2.1 USB GPRS GSM 900/1800 GSM 900/1800 есть есть объемом до 16 Гб моноблок (классический) пластик попеременный телефон батарея зарядное устройство USB кабель наушники цветной черный,,
8800349,new,maxvi,105 2,8500,0.03 0.30 млн пикс. 640x480 1.77 112.5 1200.0 15.5 160x128 2 SIM-карты 500.0 52.5 52.5x112.5x15.5 мм 7.0 98.0 Bluetooth GSM 900/1800/1900 GSM 900/1800/1900 Li-ion MP3 WAP GPRS есть есть объемом до 16 Гб красный моноблок (классический) пластик попеременный телефон батарея зарядное устройство цветной TFT 65.54 тыс цветов,,
8800350,old,keneksi,105 2,0,0.30 млн пикс. 640x480 1.77 11.6 128x160 166.0 2 SIM-карты 5.0 51.0 51x97x11.6 мм 650.0 97.0 Bluetooth 2.1 USB GSM 900/1800 GSM 900/1800 белый есть есть объемом до 16 Гб моноблок (классический) нет попеременный цветной,,
8800351,new,keneksi,105 2,5190,0.30 млн пикс. 640x480 1.77 11.7 128x160 166.0 2 SIM-карты 5.0 51.2 51.2x97.5x11.7 мм 650.0 84.0 97.5 Bluetooth 3.0 USB GSM 900/1800 GSM 900/1800 есть есть объемом до 16 Гб моноблок (классический) нет попеременный цветной TFT черный,,
8800352,new,keneksi,105 2,7390,0.30 млн пикс. 640x480  1.77 160x128  2 SIM-карты 2 SIM-карты попеременный режим работы 800.0 Bluetooth 2.1  GSM 900/1800 GSM 900/1800 Li-ion MP3 есть есть объемом до 16 Гб  желтый моноблок (классический) навигационная клавиша  попеременный режим работы цветной TFT ,,
8800353,new,maxvi,105 2,8950,0.03 0.30 млн пикс. 640x480 1.77 112.5 1200.0 15.5 160x128 2 SIM-карты 500.0 52.5 52.5x112.5x15.5 мм 7.0 98.0 Bluetooth GSM 900/1800/1900 GSM 900/1800/1900 Li-ion MP3 WAP GPRS есть есть объемом до 16 Гб красный моноблок (классический) пластик попеременный телефон батарея зарядное устройство цветной TFT 65.54 тыс цветов,,
8800354,new,maxvi,105 2,8900,0.0 0.30 млн пикс. 640x480 1.77 112.5 1200.0 15.5 160x128 2 SIM-карты 500.0 52.5 52.5x112.5x15.5 мм 7.0 98.0 Bluetooth GSM 900/1800/1900 GSM 900/1800/1900 WAP GPRS есть есть объемом до 16 Гб моноблок (классический) пластик попеременный синий телефон батарея зарядное устройство цветной TFT 65.54 тыс цветов,,
8800355,old,texet,105 2,0,1.77 110.0 12.5 160x128 2 SIM-карты 45.5 45.5x110x12.5 мм 500.0 88.0 Bluetooth GSM 900/1800 GSM 900/1800 есть объемом до 8 Гб моноблок (классический) нет пластик попеременный попеременный режим работы 2 SIM-карты телефон аккумуляторная батарея зарядное устройство цветной черный,,
10700812,new,electronic arts,132 147 131,22800,,,
10700000,old,microsoft game studios,132 147 131,0,04.11.2010 Microsoft Game Studios Xbox 360 диск для одного игрока меню на русском языке от 3 лет симулятор жизни требуется датчик Kinect,,
10700001,old,little orbit,132 147 131,0,20 октября 2015 20.10.2015 Little Orbit PlayStation 4 аркада диск для одного игрока меню на русском языке от 10 лет,,
10700002,old,maximum games,132 147 131,0,01.03.2016 1 марта 2016 Maximum Games PlayStation 4 action диск для одного игрока не требуется от 17 лет,,
10700003,old,activision,132 147 131,0,26 июня 2012 26.06.2012 Activision PlayStation 3 action для одного игрока от 16 лет поддержка контроллера PS Move полностью на русском языке,,
10700004,old,koei tecmo,132 147 131,0,26 августа 2016 26.08.2016 Koei Tecmo PlayStation 4 action диск для одного игрока кооперативная игра онлайн-мультиплеер от 18 лет,,
10700005,old,ubisoft,132 147 131,0,09 февраля 2016 09.02.2016 PlayStation 4 Ubisoft action диск для одного игрока от 18 лет полностью на русском языке,,
10700006,old,ubisoft,132 147 131,0,12 декабря 2007 12.12.2007 PlayStation 3 Ubisoft action диск для одного игрока от 17 лет полностью на русском языке,,
10700007,old,ubisoft,132 147 131,0,23 октября 2015 23.10.2015 PlayStation 3 Ubisoft action диск для одного игрока не требуется от 18 лет,,
10700008,old,ubisoft,132 147 131,0,17 ноября 2010 17.11.2010 PlayStation 3 Ubisoft action диск для одного игрока от 18 лет,,
10700009,old,ubisoft,132 147 131,0,30 ноября 2012 30.10.2012 PlayStation 3 Ubisoft action диск для одного игрока не требуется от 18 лет полностью на русском языке,,
10700010,old,ubisoft,132 147 131,0,29 октября 2013 11 ноября 2014 29.10.2013 11.11.2014 PlayStation 3 Ubisoft action диск для одного игрока от 18 лет,,
10700011,new,ubisoft,132 147 131,7576,15 ноября 2013 15.11.2013 PlayStation 4 Ubisoft action диск для одного игрока онлайн-мультиплеер от 18 лет полностью на русском языке,,
10700012,new,ubisoft,132 147 131,5459,11 ноября 2014 11.11.2014 PlayStation 4 Ubisoft action диск для одного игрока кооперативная игра от 18 лет полностью на русском языке,,
10700013,new,ubisoft,132 147 131,9759,15 ноября 2016 г. PlayStation 4 Ubisoft action диск для одного игрока не требуется от 18 лет полностью на русском языке,,
10700014,old,ubisoft,132 147 131,0,15 ноября 2016 г. Ubisoft Xbox One action диск для одного игрока не требуется от 18 лет полностью на русском языке,,
10700015,old,telltale games,132 147 131,0,2 августа 2016  PlayStation 3 Telltale Games диск для одного игрока интерактивное кино меню на русском языке от 18 лет,,
10700016,old,nordic games,132 147 131,0,04.11.2013 Nordic Games PlayStation 4 диск для одного игрока не требуется от 12 лет полностью на русском языке стратегия,,
10700017,new,electronic arts,132 147 131,19500, 21 октября 2016 года  21 октября 2016 года[ Electronic Arts PlayStation 4 action диск для одного игрока не требуется онлайн-мультиплеер от 18 лет полностью на русском языке,,
10700018,old,electronic arts,132 147 131,0, 21 октября 2016 года[ Electronic Arts PlayStation 4 Xbox One action диск для одного игрока не требуется онлайн-мультиплеер от 18 лет полностью на русском языке,,
10700019,new,electronic arts,132 147 131,12000,15 ноября 2013  Electronic Arts PlayStation 4 action диск для одного игрока не требуется онлайн-мультиплеер от 18 лет полностью на русском языке,,
10700020,old,2k games,132 147 131,0,16 сентября 2016, 2K Games PlayStation 4 RPG диск для одного игрока не требуется от 18 лет полностью на русском языке,
10700021,old,koei tecmo,132 147 131,0,29 мая 2015 KOEI TECMO GAMES  PlayStation 4 action диск для одного игрока не требуется от 12 лет,,
10700022,new,sony computer entertainment,132 147 131,6990,24 марта 2015 PlayStation 4 RPG Sony Computer Entertainment диск для одного игрока меню на русском языке не требуется онлайн-мультиплеер от 18 лет,,
10700023,old,activision,132 147 131,0,3 ноября 2014 года Activision PlayStation 3 action диск для одного игрока кооперативная игра не требуется онлайн-мультиплеер от 17 лет полностью на русском языке,,
10700024,old,activision,132 147 131,0,9 апреля 2015 Activision Xbox 360 action диск для одного игрока кооперативная игра меню на русском языке не требуется онлайн-мультиплеер от 18 лет,,
10700025,old,activision,132 147 131,0,9 ноября 2010 года Activision PlayStation 3 action диск для одного игрока меню на русском языке не требуется онлайн-мультиплеер от 18 лет,,
10700026,old,activision,132 147 131,0,13 ноября 2012 года Activision PlayStation 3 action диск для одного игрока не требуется онлайн-мультиплеер от 18 лет полностью на русском языке,,
10700027,old,bandai namco entertainment,132 147 131,0,15 июня 2015 Bandai Namco Entertainment PlayStation 4 RPG диск для одного игрока меню на русском языке не требуется онлайн-мультиплеер от 18 лет,,
10700028,old,activision,132 147 131,0,25 июня 2013 Activision PlayStation 4 action диск для одного игрока меню на русском языке не требуется от 17 лет,,
